<?xml version="1.0" encoding="UTF-8" standalone="yes"?>
<addon id="plugin.video.xinpianchang" name="新片场" version="0.1.1" provider-name="zhengfan">
  <requires>
    <import addon="xbmc.python" version="2.1.0"/>
    <import addon="script.module.xbmcswift2" version="2.4.0"/>
  <import addon="script.module.beautifulsoup4" version="4.5.3"/>
  <import addon="script.module.requests" version="2.19.1"/>
  <import addon="script.module.html5lib" version="0.999.0"/>
  </requires>
  <extension point="xbmc.python.pluginsource" library="addon.py">
    <provides>video</provides>
  </extension>
  <extension point="xbmc.addon.metadata">
    <platform>all</platform>
    <language></language>
    <description>新片场汇聚全球原创优质视频及创作人，提供4K、无广告、无水印视频观看，专业的视频艺术学习教程，正版视觉素材交易等，与数百万创作人一起用作品打动世界</description>
    <assets>
      <icon>icon.png</icon>
      <fanart>fanart.png</fanart> 
    </assets>
    <news>首个版本</news>
  </extension>
</addon>
