<?xml version="1.0" encoding="UTF-8" standalone="yes"?>
<addon id="plugin.video.huanxi" name="欢喜首映" version="0.1.0" provider-name="zhengfan">
  <requires>
    <import addon="xbmc.python" version="2.1.0"/>
    <import addon="script.module.xbmcswift2" version="2.4.0"/>
  <import addon="script.module.beautifulsoup4" version="4.5.3"/>
  <import addon="script.module.requests" version="2.19.1"/>
  <import addon="script.module.html5lib" version="0.999.0"/>
  </requires>
  <extension point="xbmc.python.pluginsource" library="addon.py">
    <provides>video</provides>
  </extension>
  <extension point="xbmc.addon.metadata">
    <platform>all</platform>
    <language></language>
    <description>欢喜首映拥有王家卫、徐峥、陈可辛、宁浩、顾长卫、张一白、贾樟柯、张艺谋等巨匠影人为平台定制的大制作网剧、网络大电影,将视频播放与内容制作合二为一,首映厅首发好电影</description>
    <assets>
      <icon>icon.png</icon>
      <fanart>fanart.png</fanart> 
    </assets>
    <news>首个版本</news>
  </extension>
</addon>
